{"name":null,"assets":"aoy4:pathy37:assets%2Fgraphics%2F1.5x%2Ffont-0.fnty4:sizei11074y4:typey4:TEXTy2:idR1y7:preloadtgoR0y37:assets%2Fgraphics%2F1.5x%2Ffont-0.pngR2i19658R3y5:IMAGER5R7R6tgoR0y37:assets%2Fgraphics%2F1.5x%2Ffont-1.fntR2i10902R3R4R5R9R6tgoR0y37:assets%2Fgraphics%2F1.5x%2Ffont-1.pngR2i8323R3R8R5R10R6tgoR0y37:assets%2Fgraphics%2F1.5x%2Ffont-2.fntR2i11075R3R4R5R11R6tgoR0y37:assets%2Fgraphics%2F1.5x%2Ffont-2.pngR2i31663R3R8R5R12R6tgoR0y37:assets%2Fgraphics%2F1.5x%2Ffont-3.fntR2i10902R3R4R5R13R6tgoR0y37:assets%2Fgraphics%2F1.5x%2Ffont-3.pngR2i8720R3R8R5R14R6tgoR0y35:assets%2Fgraphics%2F1x%2Ffont-0.fntR2i10987R3R4R5R15R6tgoR0y35:assets%2Fgraphics%2F1x%2Ffont-0.pngR2i12224R3R8R5R16R6tgoR0y35:assets%2Fgraphics%2F1x%2Ffont-1.fntR2i10748R3R4R5R17R6tgoR0y35:assets%2Fgraphics%2F1x%2Ffont-1.pngR2i4896R3R8R5R18R6tgoR0y35:assets%2Fgraphics%2F1x%2Ffont-2.fntR2i10987R3R4R5R19R6tgoR0y35:assets%2Fgraphics%2F1x%2Ffont-2.pngR2i20644R3R8R5R20R6tgoR0y35:assets%2Fgraphics%2F1x%2Ffont-3.fntR2i10748R3R4R5R21R6tgoR0y35:assets%2Fgraphics%2F1x%2Ffont-3.pngR2i5306R3R8R5R22R6tgoR0y35:assets%2Fgraphics%2F2x%2Ffont-0.fntR2i11112R3R4R5R23R6tgoR0y35:assets%2Fgraphics%2F2x%2Ffont-0.pngR2i26520R3R8R5R24R6tgoR0y35:assets%2Fgraphics%2F2x%2Ffont-1.fntR2i10987R3R4R5R25R6tgoR0y35:assets%2Fgraphics%2F2x%2Ffont-1.pngR2i12612R3R8R5R26R6tgoR0y35:assets%2Fgraphics%2F2x%2Ffont-2.fntR2i11096R3R4R5R27R6tgoR0y35:assets%2Fgraphics%2F2x%2Ffont-2.pngR2i43659R3R8R5R28R6tgoR0y35:assets%2Fgraphics%2F2x%2Ffont-3.fntR2i10987R3R4R5R29R6tgoR0y35:assets%2Fgraphics%2F2x%2Ffont-3.pngR2i13020R3R8R5R30R6tgoR0y35:assets%2Fgraphics%2F3x%2Ffont-0.fntR2i11145R3R4R5R31R6tgoR0y35:assets%2Fgraphics%2F3x%2Ffont-0.pngR2i43985R3R8R5R32R6tgoR0y35:assets%2Fgraphics%2F3x%2Ffont-1.fntR2i11056R3R4R5R33R6tgoR0y35:assets%2Fgraphics%2F3x%2Ffont-1.pngR2i19719R3R8R5R34R6tgoR0y35:assets%2Fgraphics%2F3x%2Ffont-2.fntR2i11147R3R4R5R35R6tgoR0y35:assets%2Fgraphics%2F3x%2Ffont-2.pngR2i67690R3R8R5R36R6tgoR0y35:assets%2Fgraphics%2F3x%2Ffont-3.fntR2i11056R3R4R5R37R6tgoR0y35:assets%2Fgraphics%2F3x%2Ffont-3.pngR2i20382R3R8R5R38R6tgoR0y35:assets%2Fgraphics%2F4x%2Ffont-0.fntR2i11227R3R4R5R39R6tgoR0y35:assets%2Fgraphics%2F4x%2Ffont-0.pngR2i59663R3R8R5R40R6tgoR0y35:assets%2Fgraphics%2F4x%2Ffont-1.fntR2i11095R3R4R5R41R6tgoR0y35:assets%2Fgraphics%2F4x%2Ffont-1.pngR2i27269R3R8R5R42R6tgoR0y35:assets%2Fgraphics%2F4x%2Ffont-2.fntR2i11208R3R4R5R43R6tgoR0y35:assets%2Fgraphics%2F4x%2Ffont-2.pngR2i95662R3R8R5R44R6tgoR0y35:assets%2Fgraphics%2F4x%2Ffont-3.fntR2i11095R3R4R5R45R6tgoR0y35:assets%2Fgraphics%2F4x%2Ffont-3.pngR2i27704R3R8R5R46R6tgoR0y36:assets%2Fgraphics%2Fdefault-font.fntR2i10791R3R4R5R47R6tgoR0y36:assets%2Fgraphics%2Fdefault-font.pngR2i1736R3R8R5R48R6tgoR0y29:assets%2Fdata%2Fbehaviors.mbsR2i2401R3y6:BINARYR5R49R6tgoR0y24:assets%2Fdata%2Fgame.mbsR2i1399R3R50R5R51R6tgoR0y34:assets%2Fdata%2Finner-joystick.pngR2i879R3R8R5R52R6tgoR0y41:assets%2Fdata%2Finner-joystick%401.5x.pngR2i1792R3R8R5R53R6tgoR0y39:assets%2Fdata%2Finner-joystick%402x.pngR2i1946R3R8R5R54R6tgoR0y39:assets%2Fdata%2Finner-joystick%403x.pngR2i3990R3R8R5R55R6tgoR0y39:assets%2Fdata%2Finner-joystick%404x.pngR2i4344R3R8R5R56R6tgoR0y34:assets%2Fdata%2Fouter-joystick.pngR2i1951R3R8R5R57R6tgoR0y41:assets%2Fdata%2Fouter-joystick%401.5x.pngR2i4023R3R8R5R58R6tgoR0y39:assets%2Fdata%2Fouter-joystick%402x.pngR2i4480R3R8R5R59R6tgoR0y39:assets%2Fdata%2Fouter-joystick%403x.pngR2i9183R3R8R5R60R6tgoR0y39:assets%2Fdata%2Fouter-joystick%404x.pngR2i9836R3R8R5R61R6tgoR0y29:assets%2Fdata%2Fresources.mbsR2i16528R3R50R5R62R6tgoR0y27:assets%2Fdata%2Fscene-0.mbsR2i335R3R50R5R63R6tgoR0y27:assets%2Fdata%2Fscene-0.scnR2i13R3R50R5R64R6tgoR0y26:assets%2Fdata%2Fscenes.mbsR2i83R3R50R5R65R6tgh","rootPath":null,"version":2,"libraryArgs":[],"libraryType":null}